{
	"stim": [
		{
			"function": "whitenoise",
			"params": {
				"framerate": 20,
				"seed": 1,
				"length": 0.04,
				"ndims": [40,1,3],
				"dist": "binary",
				"contrast": 1,
				"c_mask": [0,1,1]
			},
			"seed": 1,
			"framerate": 19.99036148,
			"numframes": 48,
			"timestamps": [
				[154218.4718],
				[154218.5244],
				[154218.5896],
				[154218.6567],
				[154218.7228],
				[154218.7723],
				[154218.8238],
				[154218.8916],
				[154218.9552],
				[154219.0055],
				[154219.0572],
				[154219.1231],
				[154219.1897],
				[154219.2379],
				[154219.2913],
				[154219.3551],
				[154219.4042],
				[154219.4581],
				[154219.5218],
				[154219.5724],
				[154219.6238],
				[154219.69],
				[154219.7568],
				[154219.823],
				[154219.8888],
				[154219.956],
				[154220.0054],
				[154220.0556],
				[154220.1084],
				[154220.1732],
				[154220.2376],
				[154220.288],
				[154220.3416],
				[154220.4073],
				[154220.4729],
				[154220.5376],
				[154220.5887],
				[154220.6414],
				[154220.7063],
				[154220.7714],
				[154220.8222],
				[154220.8752],
				[154220.9398],
				[154221.0075],
				[154221.073],
				[154221.1222],
				[154221.1736],
				[154221.2414]
			]
		},
		{
			"function": "whitenoise",
			"params": {
				"framerate": 20,
				"seed": 1,
				"length": 0.04,
				"ndims": [1,40,3],
				"dist": "binary",
				"contrast": 1,
				"c_mask": [0,1,1]
			},
			"seed": 1,
			"framerate": 19.99036148,
			"numframes": 48,
			"timestamps": [
				[154221.3127],
				[154221.3729],
				[154221.4399],
				[154221.4877],
				[154221.5413],
				[154221.6071],
				[154221.673],
				[154221.7225],
				[154221.7727],
				[154221.825],
				[154221.8893],
				[154221.9546],
				[154222.0053],
				[154222.0559],
				[154222.1068],
				[154222.1732],
				[154222.238],
				[154222.2888],
				[154222.3417],
				[154222.4059],
				[154222.4717],
				[154222.5212],
				[154222.5748],
				[154222.6419],
				[154222.7053],
				[154222.7567],
				[154222.8249],
				[154222.8918],
				[154222.9548],
				[154223.0053],
				[154223.0572],
				[154223.1232],
				[154223.1897],
				[154223.2377],
				[154223.2911],
				[154223.3561],
				[154223.4204],
				[154223.4719],
				[154223.5239],
				[154223.5735],
				[154223.6398],
				[154223.7076],
				[154223.7725],
				[154223.8298],
				[154223.8883],
				[154223.9391],
				[154223.9919],
				[154224.0561]
			]
		},
		{
			"function": "naturalmovie2",
			"params": {
				"framerate": 30,
				"jumpevery": 45,
				"length": 0.2,
				"moviedir": "/Users/peterfish/Movies/",
				"_moviedir": "../database/matfiles/fish_2xds/",
				"movext": "*.mat",
				"_comment1": "it will open all MAT files.",
				"_comment2": "[frames, rows, cols, channels(3)]",
				"seed": 11,
				"contrast": 1,
				"ndims": [128,128,3],
				"scale": 0.5,
				"jitter_var": 1,
				"c_mask": [0,1,1],
				"_NOTE": "Check whiteindex in initidsp"
			},
			"seed": 11,
			"framerate": 29.98554222,
			"numframes": 359,
			"timestamps": [
				[154224.3914],
				[154224.4417],
				[154224.5037],
				[154224.5395],
				[154224.5722],
				[154224.6064],
				[154224.6564],
				[154224.7205],
				[154224.7569],
				[154224.8064],
				[154224.8531],
				[154224.8947],
				[154224.94],
				[154224.9882],
				[154225.0224],
				[154225.0558],
				[154225.0902],
				[154225.1399],
				[154225.185],
				[154225.2266],
				[154225.2721],
				[154225.3065],
				[154225.3563],
				[154225.4034],
				[154225.444],
				[154225.4894],
				[154225.5233],
				[154225.5734],
				[154225.6202],
				[154225.66],
				[154225.7064],
				[154225.7556],
				[154225.7896],
				[154225.8405],
				[154225.9036],
				[154225.9402],
				[154225.99],
				[154226.0534],
				[154226.0889],
				[154226.1225],
				[154226.157],
				[154226.2066],
				[154226.2701],
				[154226.3061],
				[154226.3569],
				[154226.4196],
				[154226.4559],
				[154226.4874],
				[154226.5228],
				[154226.5563],
				[154226.6057],
				[154226.6506],
				[154226.6932],
				[154226.7398],
				[154226.773],
				[154226.8236],
				[154226.8697],
				[154226.9108],
				[154226.9558],
				[154226.9899],
				[154227.04],
				[154227.2664],
				[154227.3102],
				[154227.3548],
				[154227.3892],
				[154227.4213],
				[154227.456],
				[154227.4892],
				[154227.5219],
				[154227.5555],
				[154227.5891],
				[154227.6224],
				[154227.6558],
				[154227.6893],
				[154227.7233],
				[154227.7734],
				[154227.837],
				[154227.8731],
				[154227.9048],
				[154227.9402],
				[154227.9895],
				[154228.0349],
				[154228.078],
				[154228.123],
				[154228.1569],
				[154228.2059],
				[154228.2517],
				[154228.2933],
				[154228.3456],
				[154228.3882],
				[154228.4217],
				[154228.4548],
				[154228.4897],
				[154228.5397],
				[154228.5843],
				[154228.6265],
				[154228.6721],
				[154228.7056],
				[154228.7378],
				[154228.7729],
				[154228.8222],
				[154228.8664],
				[154228.9085],
				[154228.956],
				[154229.0052],
				[154229.0399],
				[154229.0892],
				[154229.1534],
				[154229.1894],
				[154229.2396],
				[154229.2851],
				[154229.3261],
				[154229.3721],
				[154229.4054],
				[154229.438],
				[154229.4724],
				[154229.5051],
				[154229.5387],
				[154229.572],
				[154229.6053],
				[154229.6385],
				[154229.6722],
				[154229.7051],
				[154229.7383],
				[154229.7724],
				[154229.8056],
				[154229.84],
				[154229.8888],
				[154229.9341],
				[154229.9766],
				[154230.0223],
				[154230.0546],
				[154230.0887],
				[154230.1415],
				[154230.2039],
				[154230.2391],
				[154230.2898],
				[154230.3531],
				[154230.3889],
				[154230.4402],
				[154230.5037],
				[154230.5393],
				[154230.5709],
				[154230.6065],
				[154230.6555],
				[154230.7002],
				[154230.743],
				[154230.7899],
				[154230.8378],
				[154230.8727],
				[154230.9237],
				[154230.9868],
				[154231.0227],
				[154231.0541],
				[154231.0897],
				[154231.1392],
				[154231.1841],
				[154231.2254],
				[154231.2715],
				[154231.3052],
				[154231.3379],
				[154231.3729],
				[154231.4221],
				[154231.467],
				[154231.5095],
				[154231.556],
				[154231.6051],
				[154231.6392],
				[154231.6718],
				[154231.706],
				[154231.7564],
				[154231.8201],
				[154231.8559],
				[154231.9064],
				[154231.9702],
				[154232.0049],
				[154232.0384],
				[154232.0724],
				[154232.1053],
				[154232.1389],
				[154232.1732],
				[154232.2226],
				[154232.267],
				[154232.3096],
				[154232.3557],
				[154232.3896],
				[154232.4401],
				[154232.5034],
				[154232.5394],
				[154232.59],
				[154232.6531],
				[154232.6881],
				[154232.7213],
				[154232.7567],
				[154232.806],
				[154232.8497],
				[154232.8931],
				[154232.9389],
				[154232.9885],
				[154233.0229],
				[154233.0733],
				[154233.1367],
				[154233.1728],
				[154233.2233],
				[154233.2867],
				[154233.3227],
				[154233.3543],
				[154233.3897],
				[154233.439],
				[154233.4832],
				[154233.5249],
				[154233.5731],
				[154233.6057],
				[154233.6388],
				[154233.6724],
				[154233.7052],
				[154233.7393],
				[154233.7897],
				[154233.8334],
				[154233.8751],
				[154233.9223],
				[154233.956],
				[154233.9885],
				[154234.041],
				[154234.1036],
				[154234.1391],
				[154234.1891],
				[154234.2352],
				[154234.2753],
				[154234.3219],
				[154234.3564],
				[154234.4054],
				[154234.4509],
				[154234.4932],
				[154234.5391],
				[154234.5728],
				[154234.6229],
				[154234.6866],
				[154234.7216],
				[154234.7543],
				[154234.7897],
				[154234.8395],
				[154234.8843],
				[154234.9268],
				[154234.9715],
				[154235.0052],
				[154235.0376],
				[154235.073],
				[154235.1227],
				[154235.1674],
				[154235.2083],
				[154235.2556],
				[154235.2897],
				[154235.3391],
				[154235.3857],
				[154235.4252],
				[154235.4726],
				[154235.5216],
				[154235.5551],
				[154235.5875],
				[154235.623],
				[154235.6726],
				[154235.7165],
				[154235.7594],
				[154235.8052],
