{
	"stim": [
		{
			"function": "whitenoise",
			"params": {
				"framerate": 20,
				"seed": 0,
				"ndims": [11,1],
				"dist": "gaussian",
				"contrast": 0.35,
				"length": 0.05,
				"w_mean": 1,
				"c_mask": [0,1,1],
				"name": "loc1_FullField_WhiteNoise"
			},
			"seed": 0,
			"framerate": 19.99769385,
			"numframes": 60,
			"timestamps": [
				[1755067.695],
				[1755067.757],
				[1755067.824],
				[1755067.891],
				[1755067.957],
				[1755068.024],
				[1755068.091],
				[1755068.157],
				[1755068.224],
				[1755068.291],
				[1755068.357],
				[1755068.424],
				[1755068.491],
				[1755068.558],
				[1755068.624],
				[1755068.691],
				[1755068.757],
				[1755068.824],
				[1755068.89],
				[1755068.957],
				[1755069.024],
				[1755069.091],
				[1755069.157],
				[1755069.224],
				[1755069.291],
				[1755069.357],
				[1755069.424],
				[1755069.491],
				[1755069.557],
				[1755069.624],
				[1755069.69],
				[1755069.757],
				[1755069.824],
				[1755069.89],
				[1755069.957],
				[1755070.024],
				[1755070.091],
				[1755070.157],
				[1755070.224],
				[1755070.29],
				[1755070.356],
				[1755070.423],
				[1755070.49],
				[1755070.557],
				[1755070.624],
				[1755070.69],
				[1755070.757],
				[1755070.823],
				[1755070.89],
				[1755070.958],
				[1755071.023],
				[1755071.091],
				[1755071.157],
				[1755071.224],
				[1755071.29],
				[1755071.358],
				[1755071.424],
				[1755071.49],
				[1755071.558],
				[1755071.624]
			]
		},
		{
			"function": "whitenoise",
			"params": {
				"framerate": 20,
				"seed": 0,
				"ndims": [11,1],
				"dist": "gaussian",
				"contrast": 0.1,
				"length": 0.05,
				"w_mean": 1,
				"c_mask": [0,1,1],
				"name": "loc1_FullField_WhiteNoise"
			},
			"seed": 0,
			"framerate": 19.99769385,
			"numframes": 60,
			"timestamps": [
				[1755071.69],
				[1755071.758],
				[1755071.823],
				[1755071.89],
				[1755071.957],
				[1755072.024],
				[1755072.09],
				[1755072.157],
				[1755072.224],
				[1755072.291],
				[1755072.358],
				[1755072.424],
				[1755072.491],
				[1755072.558],
				[1755072.624],
				[1755072.691],
				[1755072.757],
				[1755072.824],
				[1755072.89],
				[1755072.957],
				[1755073.024],
				[1755073.09],
				[1755073.158],
				[1755073.225],
				[1755073.291],
				[1755073.358],
				[1755073.424],
				[1755073.491],
				[1755073.558],
				[1755073.625],
				[1755073.691],
				[1755073.758],
				[1755073.824],
				[1755073.891],
				[1755073.958],
				[1755074.024],
				[1755074.091],
				[1755074.158],
				[1755074.224],
				[1755074.291],
				[1755074.358],
				[1755074.424],
				[1755074.491],
				[1755074.558],
				[1755074.624],
				[1755074.691],
				[1755074.758],
				[1755074.824],
				[1755074.891],
				[1755074.958],
				[1755075.024],
				[1755075.09],
				[1755075.158],
				[1755075.224],
				[1755075.29],
				[1755075.357],
				[1755075.424],
				[1755075.491],
				[1755075.558],
				[1755075.624]
			]
		},
		{
			"function": "whitenoise",
			"params": {
				"framerate": 20,
				"seed": 0,
				"ndims": [11,1],
				"dist": "gaussian",
				"contrast": 0.35,
				"length": 0.05,
				"w_mean": 1,
				"c_mask": [0,1,1],
				"name": "loc1_FullField_WhiteNoise"
			},
			"seed": 0,
			"framerate": 19.99769385,
			"numframes": 60,
			"timestamps": [
				[1755075.691],
				[1755075.757],
				[1755075.824],
				[1755075.891],
				[1755075.958],
				[1755076.024],
				[1755076.091],
				[1755076.158],
				[1755076.224],
				[1755076.291],
				[1755076.357],
				[1755076.424],
				[1755076.491],
				[1755076.557],
				[1755076.624],
				[1755076.691],
				[1755076.758],
				[1755076.825],
				[1755076.891],
				[1755076.958],
				[1755077.025],
				[1755077.091],
				[1755077.158],
				[1755077.225],
				[1755077.291],
				[1755077.358],
				[1755077.424],
				[1755077.491],
				[1755077.558],
				[1755077.624],
				[1755077.691],
				[1755077.758],
				[1755077.824],
				[1755077.891],
				[1755077.957],
				[1755078.024],
				[1755078.09],
				[1755078.158],
				[1755078.224],
				[1755078.291],
				[1755078.358],
				[1755078.424],
				[1755078.491],
				[1755078.558],
				[1755078.624],
				[1755078.691],
				[1755078.758],
				[1755078.825],
				[1755078.891],
				[1755078.958],
				[1755079.025],
				[1755079.091],
				[1755079.158],
				[1755079.225],
				[1755079.291],
				[1755079.358],
				[1755079.424],
				[1755079.491],
				[1755079.558],
				[1755079.625]
			]
		},
		{
			"function": "whitenoise",
			"params": {
				"framerate": 20,
				"seed": 0,
				"ndims": [11,1],
				"dist": "gaussian",
				"contrast": 0.1,
				"length": 0.05,
				"w_mean": 1,
				"c_mask": [0,1,1],
				"name": "loc1_FullField_WhiteNoise"
			},
			"seed": 0,
			"framerate": 19.99769385,
			"numframes": 60,
			"timestamps": [
				[1755079.691],
				[1755079.758],
				[1755079.824],
				[1755079.891],
				[1755079.958],
				[1755080.024],
				[1755080.091],
				[1755080.158],
				[1755080.225],
				[1755080.291],
				[1755080.358],
				[1755080.425],
				[1755080.491],
				[1755080.558],
				[1755080.625],
				[1755080.691],
				[1755080.758],
				[1755080.825],
				[1755080.891],
				[1755080.958],
				[1755081.025],
				[1755081.091],
				[1755081.158],
				[1755081.224],
				[1755081.291],
				[1755081.358],
				[1755081.424],
				[1755081.492],
				[1755081.558],
				[1755081.625],
				[1755081.691],
				[1755081.758],
				[1755081.824],
				[1755081.892],
				[1755081.958],
				[1755082.025],
				[1755082.091],
				[1755082.158],
				[1755082.225],
				[1755082.292],
				[1755082.358],
				[1755082.424],
				[1755082.491],
				[1755082.557],
				[1755082.625],
				[1755082.691],
				[1755082.758],
				[1755082.824],
				[1755082.892],
				[1755082.958],
				[1755083.025],
				[1755083.091],
				[1755083.158],
				[1755083.224],
				[1755083.291],
				[1755083.357],
				[1755083.425],
				[1755083.492],
				[1755083.558],
				[1755083.625]
			]
		}
	],
	"disp": {
		"bgcol": 0,
		"offset_x_um": 1500,
		"offset_y_um": -100,
		"screen": 0,
		"white": 255,
		"black": 0,
		"gray": 128,
		"grayvector": [0,1,1],
		"whitecolor": [0,255,255],
		"blackcolor": [0,0,0],
		"graycolor": [0,128,128],
		"nominal_frate": 60,
		"ifi": 0.01666858868,
		"winptr": 10,
		"winrect": [0,0,1024,768],
		"frate": 60,
		"nominalifi": 0.01666666667,
		"winctr": [512,384],
		"info": {
			"Beamposition": -1,
			"LastVBLTimeOfFlip": 1755066.556,
			"LastVBLTime": 1755066.556,
			"VBLCount": 0,
			"TimeAtSwapRequest": 1755066.54,
			"TimePostSwapRequest": 1755066.54,
			"RawSwapTimeOfFlip": 1755066.556,
			"VBLTimePostFlip": -1,
			"OSSwapTimestamp": 0,
			"GPULastFrameRenderTime": 0,
			"StereoMode": 0,
			"ImagingMode": 32769,
			"MultiSampling": 0,
			"MissedDeadlines": 1,
			"FlipCount": 3,
			"StereoDrawBuffer": 2,
			"GuesstimatedMemoryUsageMB": 0,
			"VBLStartline": 3780,
			"VBLEndline": -1,
			"VideoRefreshFromBeamposition": 0,
			"GLVendor": "ATI Technologies Inc.",
			"GLRenderer": "AMD Radeon Pro 455 OpenGL Engine",
			"GLVersion": "2.1 ATI-1.68.20",
			"GPUCoreId": "R600",
			"GPUMinorType": -1,
			"DisplayCoreId": "R600",
			"GLSupportsFBOUpToBpc": 32,
			"GLSupportsBlendingUpToBpc": 32,
			"GLSupportsTexturesUpToBpc": 32,
			"GLSupportsFilteringUpToBpc": 32,
			"GLSupportsPrecisionColors": 0,
			"GLSupportsFP32Shading": 1,
			"BitsPerColorComponent": 8,
			"IsFullscreen": 0,
			"SpecialFlags": 16,
			"SwapGroup": 0,
			"SwapBarrier": 0
		},
		"pix_per_100um": 4.7,
		"pix_per_um": 0.047,
		"umperpix": 21.27659574,
		"um_per_px": 21.27659574,
		"pdscale": 0.95,
		"pdctr": [0.93,0.15],
		"pdsize": [0,0,600,600],
		"pdrect": [610.5,482.5,648.1,520.1],
		"pd_color": [254,0,0],
		"pdrect2": [617.5,489.5,641,513],
		"pdcolor": [255,0,0],
		"pdcolor2": [255,0,0],
		"aperturesize_mm": 2,
		"aperturesize": 94,
		"offset_x": 71,
		"offset_y": -5,
		"dstrect": [536,332,630,426],
		"missedflips": {
			"_ArrayType_": "double",
			"_ArraySize_": [0,0],
			"_ArrayData_": null
		},
		"missed": 0,