{
	"stim": [
		{
			"function": "whitenoise",
			"params": {
				"framerate": 20,
				"seed": 0,
				"ndims": [1,1],
				"dist": "gaussian",
				"contrast": 0.35,
				"length": 0.05,
				"w_mean": 1,
				"c_mask": [0,1,1],
				"name": "loc1_FullField_WhiteNoise"
			},
			"seed": 0,
			"framerate": 20.02944454,
			"numframes": 61,
			"timestamps": [
				[1754949.725],
				[1754949.79],
				[1754949.856],
				[1754949.929],
				[1754949.985],
				[1754950.052],
				[1754950.119],
				[1754950.186],
				[1754950.252],
				[1754950.319],
				[1754950.386],
				[1754950.452],
				[1754950.519],
				[1754950.586],
				[1754950.652],
				[1754950.718],
				[1754950.785],
				[1754950.852],
				[1754950.919],
				[1754950.985],
				[1754951.052],
				[1754951.118],
				[1754951.186],
				[1754951.252],
				[1754951.319],
				[1754951.386],
				[1754951.453],
				[1754951.519],
				[1754951.585],
				[1754951.653],
				[1754951.719],
				[1754951.785],
				[1754951.852],
				[1754951.919],
				[1754951.985],
				[1754952.051],
				[1754952.118],
				[1754952.185],
				[1754952.252],
				[1754952.319],
				[1754952.386],
				[1754952.452],
				[1754952.519],
				[1754952.618],
				[1754952.686],
				[1754952.752],
				[1754952.818],
				[1754952.885],
				[1754952.952],
				[1754953.019],
				[1754953.085],
				[1754953.152],
				[1754953.218],
				[1754953.286],
				[1754953.352],
				[1754953.419],
				[1754953.486],
				[1754953.552],
				[1754953.618],
				[1754953.685],
				[1754953.752]
			]
		},
		{
			"function": "whitenoise",
			"params": {
				"framerate": 20,
				"seed": 0,
				"ndims": [1,1],
				"dist": "gaussian",
				"contrast": 0.1,
				"length": 0.05,
				"w_mean": 1,
				"c_mask": [0,1,1],
				"name": "loc1_FullField_WhiteNoise"
			},
			"seed": 0,
			"framerate": 20.02944454,
			"numframes": 61,
			"timestamps": [
				[1754953.824],
				[1754953.892],
				[1754953.951],
				[1754954.044],
				[1754954.102],
				[1754954.168],
				[1754954.234],
				[1754954.302],
				[1754954.368],
				[1754954.436],
				[1754954.503],
				[1754954.569],
				[1754954.634],
				[1754954.702],
				[1754954.768],
				[1754954.835],
				[1754954.901],
				[1754954.968],
				[1754955.035],
				[1754955.102],
				[1754955.169],
				[1754955.235],
				[1754955.302],
				[1754955.369],
				[1754955.435],
				[1754955.502],
				[1754955.569],
				[1754955.635],
				[1754955.702],
				[1754955.769],
				[1754955.835],
				[1754955.902],
				[1754955.968],
				[1754956.035],
				[1754956.102],
				[1754956.169],
				[1754956.236],
				[1754956.302],
				[1754956.369],
				[1754956.435],
				[1754956.502],
				[1754956.569],
				[1754956.635],
				[1754956.702],
				[1754956.769],
				[1754956.835],
				[1754956.902],
				[1754956.969],
				[1754957.035],
				[1754957.118],
				[1754957.186],
				[1754957.252],
				[1754957.319],
				[1754957.386],
				[1754957.453],
				[1754957.519],
				[1754957.592],
				[1754957.652],
				[1754957.719],
				[1754957.786],
				[1754957.853]
			]
		},
		{
			"function": "whitenoise",
			"params": {
				"framerate": 20,
				"seed": 0,
				"ndims": [1,1],
				"dist": "gaussian",
				"contrast": 0.35,
				"length": 0.05,
				"w_mean": 1,
				"c_mask": [0,1,1],
				"name": "loc1_FullField_WhiteNoise"
			},
			"seed": 0,
			"framerate": 20.02944454,
			"numframes": 61,
			"timestamps": [
				[1754957.923],
				[1754957.997],
				[1754958.057],
				[1754958.118],
				[1754958.186],
				[1754958.252],
				[1754958.319],
				[1754958.386],
				[1754958.452],
				[1754958.519],
				[1754958.585],
				[1754958.653],
				[1754958.719],
				[1754958.786],
				[1754958.852],
				[1754958.919],
				[1754958.986],
				[1754959.053],
				[1754959.12],
				[1754959.186],
				[1754959.253],
				[1754959.319],
				[1754959.386],
				[1754959.452],
				[1754959.519],
				[1754959.585],
				[1754959.653],
				[1754959.719],
				[1754959.786],
				[1754959.853],
				[1754959.919],
				[1754959.986],
				[1754960.052],
				[1754960.119],
				[1754960.186],
				[1754960.252],
				[1754960.319],
				[1754960.386],
				[1754960.453],
				[1754960.519],
				[1754960.586],
				[1754960.653],
				[1754960.719],
				[1754960.786],
				[1754960.852],
				[1754960.919],
				[1754960.986],
				[1754961.052],
				[1754961.119],
				[1754961.186],
				[1754961.253],
				[1754961.319],
				[1754961.386],
				[1754961.452],
				[1754961.52],
				[1754961.585],
				[1754961.653],
				[1754961.719],
				[1754961.786],
				[1754961.852],
				[1754961.92]
			]
		},
		{
			"function": "whitenoise",
			"params": {
				"framerate": 20,
				"seed": 0,
				"ndims": [1,1],
				"dist": "gaussian",
				"contrast": 0.1,
				"length": 0.05,
				"w_mean": 1,
				"c_mask": [0,1,1],
				"name": "loc1_FullField_WhiteNoise"
			},
			"seed": 0,
			"framerate": 20.02944454,
			"numframes": 61,
			"timestamps": [
				[1754962.01],
				[1754962.069],
				[1754962.136],
				[1754962.202],
				[1754962.268],
				[1754962.335],
				[1754962.402],
				[1754962.469],
				[1754962.536],
				[1754962.603],
				[1754962.67],
				[1754962.736],
				[1754962.803],
				[1754962.87],
				[1754962.936],
				[1754963.003],
				[1754963.069],
				[1754963.136],
				[1754963.203],
				[1754963.27],
				[1754963.336],
				[1754963.403],
				[1754963.469],
				[1754963.536],
				[1754963.602],
				[1754963.669],
				[1754963.736],
				[1754963.803],
				[1754963.869],
				[1754963.936],
				[1754964.003],
				[1754964.07],
				[1754964.136],
				[1754964.203],
				[1754964.269],
				[1754964.336],
				[1754964.403],
				[1754964.47],
				[1754964.536],
				[1754964.603],
				[1754964.67],
				[1754964.735],
				[1754964.802],
				[1754964.869],
				[1754964.936],
				[1754965.003],
				[1754965.069],
				[1754965.136],
				[1754965.202],
				[1754965.269],
				[1754965.336],
				[1754965.403],
				[1754965.47],
				[1754965.536],
				[1754965.603],
				[1754965.67],
				[1754965.736],
				[1754965.803],
				[1754965.87],
				[1754965.936],
				[1754966.003]
			]
		}
	],
	"disp": {
		"bgcol": 0,
		"offset_x_um": 1500,
		"offset_y_um": -100,
		"screen": 0,
		"white": 255,
		"black": 0,
		"gray": 128,
		"grayvector": [0,1,1],
		"whitecolor": [0,255,255],
		"blackcolor": [0,0,0],
		"graycolor": [0,128,128],
		"nominal_frate": 60,
		"ifi": 0.01664216562,
		"winptr": 10,
		"winrect": [0,0,1024,768],
		"frate": 60,
		"nominalifi": 0.01666666667,
		"winctr": [512,384],
		"info": {
			"Beamposition": -1,
			"LastVBLTimeOfFlip": 1754947.517,
			"LastVBLTime": 1754947.517,
			"VBLCount": 0,
			"TimeAtSwapRequest": 1754947.503,
			"TimePostSwapRequest": 1754947.504,
			"RawSwapTimeOfFlip": 1754947.517,
			"VBLTimePostFlip": -1,
			"OSSwapTimestamp": 0,
			"GPULastFrameRenderTime": 0,
			"StereoMode": 0,
			"ImagingMode": 32769,
			"MultiSampling": 0,
			"MissedDeadlines": 0,
			"FlipCount": 3,
			"StereoDrawBuffer": 2,
			"GuesstimatedMemoryUsageMB": 0,
			"VBLStartline": 3780,
			"VBLEndline": -1,
			"VideoRefreshFromBeamposition": 0,
			"GLVendor": "ATI Technologies Inc.",
			"GLRenderer": "AMD Radeon Pro 455 OpenGL Engine",
			"GLVersion": "2.1 ATI-1.68.20",
			"GPUCoreId": "R600",
			"GPUMinorType": -1,
			"DisplayCoreId": "R600",
			"GLSupportsFBOUpToBpc": 32,
			"GLSupportsBlendingUpToBpc": 32,
			"GLSupportsTexturesUpToBpc": 32,
			"GLSupportsFilteringUpToBpc": 32,
			"GLSupportsPrecisionColors": 0,
			"GLSupportsFP32Shading": 1,
			"BitsPerColorComponent": 8,
			"IsFullscreen": 0,
			"SpecialFlags": 16,
			"SwapGroup": 0,
			"SwapBarrier": 0
		},
		"pix_per_100um": 4.7,
		"pix_per_um": 0.047,
		"umperpix": 21.27659574,
		"um_per_px": 21.27659574,
		"pdscale": 0.95,
		"pdctr": [0.93,0.15],
		"pdsize": [0,0,600,600],
		"pdrect": [610.5,482.5,648.1,520.1],
		"pd_color": [254,0,0],
		"pdrect2": [617.5,489.5,641,513],
		"pdcolor": [255,0,0],
		"pdcolor2": [255,0,0],
		"aperturesize_mm": 2,
		"aperturesize": 94,
		"offset_x": 71,
		"offset_y": -5,
		"dstrect": [536,332,630,426],