{
	"stim": [
		{
			"function": "whitenoise",
			"params": {
				"framerate": 20,
				"seed": 1,
				"length": 0.1,
				"ndims": [35,1,3],
				"c_mask": [0,1,1],
				"weight": 0.5,
				"dist": "binary",
				"contrast": 1
			},
			"seed": 1,
			"framerate": 19.93659512,
			"numframes": 120,
			"timestamps": [
				[16932.25373],
				[16932.3012],
				[16932.34857],
				[16932.39581],
				[16932.4449],
				[16932.49228],
				[16932.53956],
				[16932.58677],
				[16932.63405],
				[16932.68143],
				[16932.72881],
				[16932.77605],
				[16932.82341],
				[16932.87069],
				[16932.91805],
				[16932.96536],
				[16933.0131],
				[16933.06042],
				[16933.1078],
				[16933.15493],
				[16933.20224],
				[16933.24964],
				[16933.29723],
				[16933.34454],
				[16933.3918],
				[16933.43901],
				[16933.48612],
				[16933.53349],
				[16933.58156],
				[16933.62887],
				[16933.67613],
				[16933.72346],
				[16933.77066],
				[16933.81786],
				[16933.86571],
				[16933.91299],
				[16933.96022],
				[16934.00745],
				[16934.05467],
				[16934.10196],
				[16934.14997],
				[16934.19723],
				[16934.24428],
				[16934.29179],
				[16934.33901],
				[16934.38635],
				[16934.43439],
				[16934.48171],
				[16934.52901],
				[16934.57623],
				[16934.62378],
				[16934.67101],
				[16934.71844],
				[16934.7658],
				[16934.81317],
				[16934.86042],
				[16934.90763],
				[16934.95498],
				[16935.0027],
				[16935.05002],
				[16935.09719],
				[16935.14458],
				[16935.19188],
				[16935.23912],
				[16935.28696],
				[16935.33482],
				[16935.38208],
				[16935.42936],
				[16935.47655],
				[16935.52386],
				[16935.57108],
				[16935.6184],
				[16935.6658],
				[16935.71319],
				[16935.7604],
				[16935.80764],
				[16935.85535],
				[16935.90275],
				[16935.95004],
				[16935.99734],
				[16936.04473],
				[16936.09203],
				[16936.13948],
				[16936.18675],
				[16936.23408],
				[16936.28127],
				[16936.32851],
				[16936.37584],
				[16936.4238],
				[16936.47109],
				[16936.51841],
				[16936.56579],
				[16936.61316],
				[16936.66056],
				[16936.70795],
				[16936.75524],
				[16936.8025],
				[16936.8497],
				[16936.89689],
				[16936.9443],
				[16936.99219],
				[16937.03939],
				[16937.08688],
				[16937.13415],
				[16937.18142],
				[16937.22867],
				[16937.27648],
				[16937.32379],
				[16937.37107],
				[16937.41834],
				[16937.4656],
				[16937.51284],
				[16937.56068],
				[16937.60789],
				[16937.65535],
				[16937.70266],
				[16937.74998],
				[16937.79736],
				[16937.84511],
				[16937.89233]
			]
		},
		{
			"function": "naturalmovie2",
			"params": {
				"framerate": 30,
				"jumpevery": 60,
				"length": 0.2,
				"moviedir": "/Users/peterfish/Movies/",
				"_moviedir": "../database/matfiles/fish_2xds/",
				"movext": "*.mat",
				"_comment1": "it will open all MAT files.",
				"_comment2": "[frames, rows, cols, channels(3)]",
				"seed": 7,
				"contrast": 1,
				"ndims": [128,128,3],
				"scale": 0.5,
				"jitter_var": 1,
				"c_mask": [0,1,1],
				"_NOTE": "Check whiteindex in initidsp"
			},
			"seed": 7,
			"framerate": 29.90489268,
			"numframes": 358,
			"timestamps": [
				[16939.99693],
				[16940.02744],
				[16940.05801],
				[16940.08865],
				[16940.11931],
				[16940.14996],
				[16940.18051],
				[16940.21107],
				[16940.24162],
				[16940.27224],
				[16940.30279],
				[16940.33346],
				[16940.36396],
				[16940.39441],
				[16940.42495],
				[16940.45559],
				[16940.48669],
				[16940.51731],
				[16940.54781],
				[16940.57837],
				[16940.60881],
				[16940.63943],
				[16940.67062],
				[16940.7012],
				[16940.7318],
				[16940.76234],
				[16940.79279],
				[16940.82353],
				[16940.8545],
				[16940.88503],
				[16940.9156],
				[16940.94612],
				[16940.97658],
				[16941.00721],
				[16941.0384],
				[16941.06904],
				[16941.09959],
				[16941.13008],
				[16941.16062],
				[16941.19128],
				[16941.22237],
				[16941.25298],
				[16941.28357],
				[16941.3143],
				[16941.34484],
				[16941.37543],
				[16941.40628],
				[16941.43687],
				[16941.46739],
				[16941.49805],
				[16941.52863],
				[16941.55909],
				[16941.5902],
				[16941.62076],
				[16941.65137],
				[16941.68185],
				[16941.71246],
				[16941.7431],
				[16941.7741],
				[16941.80466],
				[16941.83529],
				[16941.86587],
				[16941.89657],
				[16941.92716],
				[16941.95795],
				[16941.98861],
				[16942.0192],
				[16942.0498],
				[16942.0804],
				[16942.111],
				[16942.14184],
				[16942.17243],
				[16942.20307],
				[16942.23363],
				[16942.26424],
				[16942.29477],
				[16942.32588],
				[16942.35654],
				[16942.38715],
				[16942.41779],
				[16942.44809],
				[16942.47863],
				[16942.50968],
				[16942.54034],
				[16942.57093],
				[16942.60153],
				[16942.63233],
				[16942.6629],
				[16942.69356],
				[16942.72427],
				[16942.75489],
				[16942.78562],
				[16942.81614],
				[16942.84668],
				[16942.87747],
				[16942.90816],
				[16942.93865],
				[16942.9694],
				[16943.00002],
				[16943.03059],
				[16943.06137],
				[16943.09199],
				[16943.12258],
				[16943.15325],
				[16943.18388],
				[16943.21446],
				[16943.2453],
				[16943.27605],
				[16943.3067],
				[16943.33721],
				[16943.36777],
				[16943.3983],
				[16943.42918],
				[16943.4599],
				[16943.49066],
				[16943.52134],
				[16943.55192],
				[16943.58271],
				[16943.61315],
				[16943.64375],
				[16943.67452],
				[16943.70516],
				[16943.73569],
				[16943.76643],
				[16943.79703],
				[16943.8276],
				[16943.85824],
				[16943.88885],
				[16943.91937],
				[16943.95001],
				[16943.98094],
				[16944.01149],
				[16944.04224],
				[16944.07286],
				[16944.1035],
				[16944.13401],
				[16944.16485],
				[16944.19544],
				[16944.22612],
				[16944.25662],
				[16944.28723],
				[16944.31778],
				[16944.34875],
				[16944.37938],
				[16944.41016],
				[16944.44076],
				[16944.47133],
				[16944.50193],
				[16944.53273],
				[16944.56338],
				[16944.5941],
				[16944.62475],
				[16944.65532],
				[16944.68591],
				[16944.71659],
				[16944.74716],
				[16944.77783],
				[16944.80849],
				[16944.83911],
				[16944.86972],
				[16944.90073],
				[16944.93136],
				[16944.96197],
				[16944.99247],
				[16945.02308],
				[16945.05358],
				[16945.08455],
				[16945.11522],
				[16945.14577],
				[16945.17646],
				[16945.20704],
				[16945.23768],
				[16945.26847],
				[16945.29906],
				[16945.32961],
				[16945.36031],
				[16945.39093],
				[16945.42156],
				[16945.4524],
				[16945.48298],
				[16945.51349],
				[16945.54404],
				[16945.57463],
				[16945.60523],
				[16945.6363],
				[16945.66687],
				[16945.69742],
				[16945.72798],
				[16945.75854],
				[16945.78915],
				[16945.8202],
				[16945.85078],
				[16945.88135],
				[16945.91198],
				[16945.94263],
				[16945.97332],
				[16946.0041],
				[16946.03484],
				[16946.06536],
				[16946.096],
				[16946.12662],
				[16946.15733],
				[16946.18811],
				[16946.2187],
				[16946.24926],
				[16946.27978],
				[16946.31037],
				[16946.34105],
				[16946.37193],
				[16946.40239],
				[16946.43292],
				[16946.46347],
				[16946.49413],
				[16946.5248],
				[16946.55583],
				[16946.58642],
				[16946.61696],
				[16946.64749],
				[16946.67817],
				[16946.70885],
				[16946.73976],
				[16946.77037],
				[16946.8009],
				[16946.83141],
				[16946.86206],
				[16946.89273],
				[16946.92362],
				[16946.95419],
				[16946.98474],
				[16947.01528],
				[16947.04601],
				[16947.07668],
				[16947.10754],
				[16947.13818],
