{
	"stim": [
		{
			"function": "naturalmovie2",
			"params": {
				"framerate": 20,
				"jumpevery": 60,
				"length": 0.2,
				"repeat": 5,
				"mov_id": 1,
				"startframe": 910,
				"seed": 7,
				"ndims": [128,128],
				"scale": 0.5,
				"jitter_var": 0.5,
				"c_mask": [0,1,1],
				"name": "loc1_Cells_reliability_to_nat_movies"
			},
			"seed": 7,
			"framerate": 19.93748578,
			"numframes": 239,
			"timestamps": [
				[23486.6239],
				[23486.67131],
				[23486.71878],
				[23486.76605],
				[23486.81365],
				[23486.861],
				[23486.90832],
				[23486.95564],
				[23487.00298],
				[23487.05023],
				[23487.09782],
				[23487.14521],
				[23487.19275],
				[23487.23998],
				[23487.28728],
				[23487.33463],
				[23487.38209],
				[23487.42944],
				[23487.47679],
				[23487.52459],
				[23487.57188],
				[23487.61921],
				[23487.66641],
				[23487.71372],
				[23487.76104],
				[23487.80827],
				[23487.85566],
				[23487.90298],
				[23487.95049],
				[23487.99778],
				[23488.04518],
				[23488.09249],
				[23488.13974],
				[23488.18699],
				[23488.23482],
				[23488.28219],
				[23488.32947],
				[23488.37679],
				[23488.42416],
				[23488.47152],
				[23488.51898],
				[23488.56635],
				[23488.61369],
				[23488.66112],
				[23488.70846],
				[23488.75583],
				[23488.80327],
				[23488.85058],
				[23488.89794],
				[23488.94534],
				[23488.99253],
				[23489.03976],
				[23489.08747],
				[23489.13472],
				[23489.18202],
				[23489.22926],
				[23489.27657],
				[23489.32397],
				[23489.3717],
				[23489.4189],
				[23489.46631],
				[23489.51366],
				[23489.5609],
				[23489.60813],
				[23489.65599],
				[23489.70332],
				[23489.75062],
				[23489.7979],
				[23489.84535],
				[23489.89257],
				[23489.94009],
				[23489.9874],
				[23490.03475],
				[23490.08196],
				[23490.12912],
				[23490.17647],
				[23490.22445],
				[23490.27181],
				[23490.31897],
				[23490.36651],
				[23490.41375],
				[23490.461],
				[23490.50856],
				[23490.55589],
				[23490.60318],
				[23490.65044],
				[23490.69774],
				[23490.74505],
				[23490.79279],
				[23490.84008],
				[23490.88752],
				[23490.93485],
				[23490.98213],
				[23491.0296],
				[23491.07708],
				[23491.12443],
				[23491.17173],
				[23491.21903],
				[23491.26647],
				[23491.31371],
				[23491.36122],
				[23491.40857],
				[23491.45589],
				[23491.50319],
				[23491.55048],
				[23491.59789],
				[23491.64553],
				[23491.6928],
				[23491.74007],
				[23491.78747],
				[23491.83482],
				[23491.88208],
				[23491.92987],
				[23491.97712],
				[23492.02442],
				[23492.07172],
				[23492.119],
				[23492.16637],
				[23492.21403],
				[23492.26123],
				[23492.30863],
				[23492.35596],
				[23492.40326],
				[23492.45051],
				[23492.49826],
				[23492.54547],
				[23492.59281],
				[23492.64016],
				[23492.6875],
				[23492.73483],
				[23492.78244],
				[23492.8297],
				[23492.87705],
				[23492.9243],
				[23492.97157],
				[23493.01898],
				[23493.06672],
				[23493.11416],
				[23493.16139],
				[23493.20891],
				[23493.25625],
				[23493.30353],
				[23493.3509],
				[23493.3983],
				[23493.44554],
				[23493.49281],
				[23493.54001],
				[23493.58736],
				[23493.63514],
				[23493.68233],
				[23493.72966],
				[23493.77704],
				[23493.82426],
				[23493.87156],
				[23493.91948],
				[23493.96677],
				[23494.014],
				[23494.06127],
				[23494.10834],
				[23494.15561],
				[23494.20359],
				[23494.25088],
				[23494.29808],
				[23494.3453],
				[23494.39249],
				[23494.43993],
				[23494.48787],
				[23494.53521],
				[23494.5826],
				[23494.62996],
				[23494.6773],
				[23494.7245],
				[23494.77205],
				[23494.81952],
				[23494.86684],
				[23494.91408],
				[23494.96141],
				[23495.00872],
				[23495.05629],
				[23495.10355],
				[23495.15092],
				[23495.19824],
				[23495.24551],
				[23495.29272],
				[23495.34056],
				[23495.38793],
				[23495.4352],
				[23495.48244],
				[23495.52965],
				[23495.57682],
				[23495.62475],
				[23495.67202],
				[23495.71939],
				[23495.76684],
				[23495.81407],
				[23495.86145],
				[23495.90904],
				[23495.95634],
				[23496.00365],
				[23496.05095],
				[23496.09825],
				[23496.14544],
				[23496.19324],
				[23496.2406],
				[23496.2879],
				[23496.33516],
				[23496.38239],
				[23496.42977],
				[23496.47743],
				[23496.52471],
				[23496.57209],
				[23496.61944],
				[23496.66669],
				[23496.71394],
				[23496.76183],
				[23496.80917],
				[23496.85646],
				[23496.90372],
				[23496.95119],
				[23496.9984],
				[23497.04586],
				[23497.09314],
				[23497.14051],
				[23497.18781],
				[23497.23497],
				[23497.28231],
				[23497.33023],
				[23497.37751],
				[23497.42475],
				[23497.47221],
				[23497.51953],
				[23497.56681],
				[23497.6143],
				[23497.66176],
				[23497.70908],
				[23497.75639],
				[23497.80368],
				[23497.85105],
				[23497.89857]
			],
			"numframes_played": 239
		},
		{
			"function": "naturalmovie2",
			"params": {
				"framerate": 20,
				"jumpevery": 60,
				"length": 0.2,
				"repeat": 5,
				"mov_id": 3,
				"startframe": 450,
				"seed": 7,
				"ndims": [128,128],
				"scale": 0.5,
				"jitter_var": 0.5,
				"c_mask": [0,1,1],
				"name": "loc1_Cells_reliability_to_nat_movies"
			},
			"seed": 7,
			"framerate": 19.93748578,
			"numframes": 239,