{
	"stim": {
		"function": "naturalmovie2",
		"params": {
			"framerate": 30,
			"jumpevery": 60,
			"length": 0.05,
			"repeat": 4,
			"mov_id": 1,
			"startframe": 600,
			"seed": 7,
			"ndims": [256,256,3],
			"scale": 0.5,
			"jitter_var": 0.5,
			"c_mask": [0,1,1]
		},
		"seed": 7,
		"framerate": 30.1010931,
		"numframes": 90,
		"timestamps": [
			[1780242.646],
			[1780242.698],
			[1780242.733],
			[1780242.763],
			[1780242.799],
			[1780242.831],
			[1780242.865],
			[1780242.898],
			[1780242.931],
			[1780242.964],
			[1780242.998],
			[1780243.031],
			[1780243.064],
			[1780243.098],
			[1780243.131],
			[1780243.165],
			[1780243.202],
			[1780243.266],
			[1780243.31],
			[1780243.364],
			[1780243.397],
			[1780243.43],
			[1780243.466],
			[1780243.496],
			[1780243.531],
			[1780243.565],
			[1780243.598],
			[1780243.631],
			[1780243.665],
			[1780243.701],
			[1780243.768],
			[1780243.81],
			[1780243.864],
			[1780243.897],
			[1780243.93],
			[1780243.965],
			[1780243.997],
			[1780244.031],
			[1780244.065],
			[1780244.098],
			[1780244.131],
			[1780244.165],
			[1780244.205],
			[1780244.267],
			[1780244.3],
			[1780244.329],
			[1780244.365],
			[1780244.397],
			[1780244.43],
			[1780244.465],
			[1780244.498],
			[1780244.531],
			[1780244.565],
			[1780244.597],
			[1780244.63],
			[1780244.665],
			[1780244.707],
			[1780244.769],
			[1780244.83],
			[1780244.865],
			[1780244.897],
			[1780244.933],
			[1780244.964],
			[1780244.998],
			[1780245.031],
			[1780245.064],
			[1780245.098],
			[1780245.131],
			[1780245.165],
			[1780245.204],
			[1780245.266],
			[1780245.308],
			[1780245.363],
			[1780245.398],
			[1780245.43],
			[1780245.466],
			[1780245.497],
			[1780245.531],
			[1780245.564],
			[1780245.598],
			[1780245.631],
			[1780245.665],
			[1780245.698],
			[1780245.735],
			[1780245.802],
			[1780245.843],
			[1780245.898],
			[1780245.931],
			[1780245.962],
			[1780245.999]
		],
		"numframes_played": 90
	},
	"disp": {
		"bgcol": 0,
		"offset_x_um": 1500,
		"offset_y_um": -100,
		"screen": 0,
		"white": 255,
		"black": 0,
		"gray": 128,
		"nominal_frate": 30,
		"ifi": 0.0332213849,
		"winptr": 10,
		"winrect": [0,0,1024,768],
		"frate": 30,
		"nominalifi": 0.03333333333,
		"winctr": [512,384],
		"info": {
			"Beamposition": -1,
			"LastVBLTimeOfFlip": 1780230.999,
			"LastVBLTime": 1780230.999,
			"VBLCount": 0,
			"TimeAtSwapRequest": 1780230.967,
			"TimePostSwapRequest": 1780230.967,
			"RawSwapTimeOfFlip": 1780230.999,
			"VBLTimePostFlip": -1,
			"OSSwapTimestamp": 0,
			"GPULastFrameRenderTime": 0,
			"StereoMode": 0,
			"ImagingMode": 32769,
			"MultiSampling": 0,
			"MissedDeadlines": 0,
			"FlipCount": 3,
			"StereoDrawBuffer": 2,
			"GuesstimatedMemoryUsageMB": 0,
			"VBLStartline": 3384,
			"VBLEndline": -1,
			"VideoRefreshFromBeamposition": 0,
			"GLVendor": "ATI Technologies Inc.",
			"GLRenderer": "AMD Radeon Pro 455 OpenGL Engine",
			"GLVersion": "2.1 ATI-1.51.8",
			"GPUCoreId": "R600",
			"GPUMinorType": -1,
			"DisplayCoreId": "R600",
			"GLSupportsFBOUpToBpc": 32,
			"GLSupportsBlendingUpToBpc": 32,
			"GLSupportsTexturesUpToBpc": 32,
			"GLSupportsFilteringUpToBpc": 32,
			"GLSupportsPrecisionColors": 0,
			"GLSupportsFP32Shading": 1,
			"BitsPerColorComponent": 8,
			"IsFullscreen": 0,
			"SpecialFlags": 16,
			"SwapGroup": 0,
			"SwapBarrier": 0
		},
		"pix_per_100um": 15,
		"pix_per_um": 0.15,
		"umperpix": 6.666666667,
		"pdscale": 0.9,
		"pdctr": [0.93,0.15],
		"pdsize": [0,0,100,100],
		"pdrect": [827,699,947,819],
		"pd_color": [254,0,0],
		"aperturesize_mm": 1.4,
		"aperturesize": 210,
		"offset_x": 225,
		"offset_y": -15,
		"dstrect": [632,264,842,474],
		"missedflips": {
			"_ArrayType_": "double",
			"_ArraySize_": [0,0],
			"_ArrayData_": null
		},
		"missed": 73,
		"vbl": 1780231.041,
		"aperturesize_movies_mm": [1.706666667,1.706666667]
	},
	"key": {
		"esc": 41,
		"space": 44,
		"t": 23,
		"keydown": 0,
		"secs": 1780246.004,
		"keycode": [0,0,0,0,0,0,0,0,0,0,0,0,0,0,0,0,0,0,0,0,0,0,0,0,0,0,0,0,0,0,0,0,0,0,0,0,0,0,0,0,0,0,0,0,0,0,0,0,0,0,0,0,0,0,0,0,0,0,0,0,0,0,0,0,0,0,0,0,0,0,0,0,0,0,0,0,0,0,0,0,0,0,0,0,0,0,0,0,0,0,0,0,0,0,0,0,0,0,0,0,0,0,0,0,0,0,0,0,0,0,0,0,0,0,0,0,0,0,0,0,0,0,0,0,0,0,0,0,0,0,0,0,0,0,0,0,0,0,0,0,0,0,0,0,0,0,0,0,0,0,0,0,0,0,0,0,0,0,0,0,0,0,0,0,0,0,0,0,0,0,0,0,0,0,0,0,0,0,0,0,0,0,0,0,0,0,0,0,0,0,0,0,0,0,0,0,0,0,0,0,0,0,0,0,0,0,0,0,0,0,0,0,0,0,0,0,0,0,0,0,0,0,0,0,0,0,0,0,0,0,0,0,0,0,0,0,0,0,0,0,0,0,0,0,0,0,0,0,0,0,0,0,0,0,0,0]
	},
	"me": {
		"_ArrayType_": "double",
		"_ArraySize_": [0,0],
		"_ArrayData_": null
	},
	"today": "18-05-23",
	"start": "16:44:28",
	"debug": 0,
	"rig_Name": "test",
	"end": "16:44:47",
	"duration": [0,0,0,0,0,0,2,-1]
}
